{
	"IcoMoonType": "selection",
	"icons": [
		{
			"icon": {
				"paths": [
					"M512 0c-282.752 0-512 229.248-512 512s229.248 512 512 512 512-229.248 512-512-229.248-512-512-512zM765.248 674.752l-90.496 90.496-162.752-162.752-162.752 162.752-90.496-90.496 162.752-162.752-162.752-162.752 90.496-90.496 162.752 162.752 162.752-162.752 90.496 90.496-162.752 162.752 162.752 162.752z"
				],
				"attrs": [],
				"isMulticolor": false,
				"tags": [
					"x-altx-alt",
					"cancel",
					"close"
				],
				"grid": 16
			},
			"attrs": [],
			"properties": {
				"id": 13,
				"order": 37,
				"prevSize": 32,
				"code": 59677,
				"name": "x-altx-alt"
			},
			"setIdx": 0,
			"setId": 4,
			"iconIdx": 12
		},
		{
			"icon": {
				"paths": [
					"M384 512c-212 0-384 172-384 384 0 70.752 57.248 128 128 128h512c70.752 0 128-57.248 128-128 0-212-172-384-384-384zM192 192c0-106.039 85.961-192 192-192 106.039 0 192 85.961 192 192 0 106.039-85.961 192-192 192-106.039 0-192-85.961-192-192z"
				],
				"width": 768,
				"attrs": [],
				"isMulticolor": false,
				"tags": [
					"user",
					"profile",
					"account",
					"avatar"
				],
				"grid": 16
			},
			"attrs": [],
			"properties": {
				"id": 146,
				"order": 36,
				"prevSize": 32,
				"code": 59678,
				"name": "user"
			},
			"setIdx": 0,
			"setId": 4,
			"iconIdx": 145
		},
		{
			"icon": {
				"paths": [
					"M1024 608l-192-192v-288h-128v160l-192-192-512 512v32h128v320h320v-192h128v192h320v-320h128z"
				],
				"attrs": [],
				"isMulticolor": false,
				"tags": [
					"home",
					"house"
				],
				"grid": 16
			},
			"attrs": [],
			"properties": {
				"order": 5,
				"prevSize": 32,
				"ligatures": "home3, house3",
				"name": "home3",
				"id": 3,
				"code": 59648
			},
			"setIdx": 4,
			"setId": 0,
			"iconIdx": 2
		},
		{
			"icon": {
				"paths": [
					"M1088 128h-64v-64c0-35.2-28.8-64-64-64h-896c-35.2 0-64 28.8-64 64v768c0 35.2 28.8 64 64 64h64v64c0 35.2 28.8 64 64 64h896c35.2 0 64-28.8 64-64v-768c0-35.2-28.8-64-64-64zM128 192v640h-63.886c-0.040-0.034-0.082-0.076-0.114-0.116v-767.77c0.034-0.040 0.076-0.082 0.114-0.114h895.77c0.040 0.034 0.082 0.076 0.116 0.116v63.884h-768c-35.2 0-64 28.8-64 64v0zM1088 959.884c-0.034 0.040-0.076 0.082-0.116 0.116h-895.77c-0.040-0.034-0.082-0.076-0.114-0.116v-767.77c0.034-0.040 0.076-0.082 0.114-0.114h895.77c0.040 0.034 0.082 0.076 0.116 0.116v767.768z",
					"M960 352c0 53.020-42.98 96-96 96s-96-42.98-96-96 42.98-96 96-96 96 42.98 96 96z",
					"M1024 896h-768v-128l224-384 256 320h64l224-192z"
				],
				"width": 1152,
				"attrs": [],
				"isMulticolor": false,
				"tags": [
					"images",
					"pictures",
					"photos",
					"graphics"
				],
				"grid": 16
			},
			"attrs": [],
			"properties": {
				"order": 6,
				"prevSize": 32,
				"ligatures": "images, pictures",
				"name": "images",
				"id": 15,
				"code": 59649
			},
			"setIdx": 4,
			"setId": 0,
			"iconIdx": 14
		},
		{
			"icon": {
				"paths": [
					"M288 576h-64v448h64c17.6 0 32-14.4 32-32v-384c0-17.6-14.4-32-32-32z",
					"M736 576c-17.602 0-32 14.4-32 32v384c0 17.6 14.398 32 32 32h64v-448h-64z",
					"M1024 512c0-282.77-229.23-512-512-512s-512 229.23-512 512c0 61.412 10.83 120.29 30.656 174.848-19.478 33.206-30.656 71.87-30.656 113.152 0 112.846 83.448 206.188 192 221.716v-443.418c-31.914 4.566-61.664 15.842-87.754 32.378-5.392-26.718-8.246-54.364-8.246-82.676 0-229.75 186.25-416 416-416s416 186.25 416 416c0 28.314-2.83 55.968-8.22 82.696-26.1-16.546-55.854-27.848-87.78-32.418v443.44c108.548-15.532 192-108.874 192-221.714 0-41.274-11.178-79.934-30.648-113.138 19.828-54.566 30.648-113.452 30.648-174.866z"
				],
				"attrs": [],
				"isMulticolor": false,
				"tags": [
					"headphones",
					"headset",
					"music",
					"audio"
				],
				"grid": 16
			},
			"attrs": [],
			"properties": {
				"order": 33,
				"prevSize": 32,
				"ligatures": "headphones, headset",
				"name": "headphones",
				"id": 17,
				"code": 59674
			},
			"setIdx": 4,
			"setId": 0,
			"iconIdx": 16
		},
		{
			"icon": {
				"paths": [
					"M896 128v832h-672c-53.026 0-96-42.98-96-96s42.974-96 96-96h608v-768h-640c-70.398 0-128 57.6-128 128v768c0 70.4 57.602 128 128 128h768v-896h-64z",
					"M224.056 832v0c-0.018 0.002-0.038 0-0.056 0-17.672 0-32 14.326-32 32s14.328 32 32 32c0.018 0 0.038-0.002 0.056-0.002v0.002h607.89v-64h-607.89z"
				],
				"attrs": [],
				"isMulticolor": false,
				"tags": [
					"book",
					"read",
					"reading"
				],
				"grid": 16
			},
			"attrs": [],
			"properties": {
				"order": 34,
				"prevSize": 32,
				"ligatures": "book, read",
				"name": "book",
				"id": 32,
				"code": 59675
			},
			"setIdx": 4,
			"setId": 0,
			"iconIdx": 31
		},
		{
			"icon": {
				"paths": [
					"M928 128h-832c-52.8 0-96 43.2-96 96v640c0 52.8 43.2 96 96 96h832c52.8 0 96-43.2 96-96v-640c0-52.8-43.2-96-96-96zM398.74 550.372l-270.74 210.892v-501.642l270.74 290.75zM176.38 256h671.24l-335.62 252-335.62-252zM409.288 561.698l102.712 110.302 102.71-110.302 210.554 270.302h-626.528l210.552-270.302zM625.26 550.372l270.74-290.75v501.642l-270.74-210.892z"
				],
				"attrs": [],
				"isMulticolor": false,
				"tags": [
					"envelop",
					"mail",
					"email",
					"contact",
					"letter"
				],
				"grid": 16
			},
			"attrs": [],
			"properties": {
				"order": 7,
				"prevSize": 32,
				"ligatures": "envelop, mail",
				"name": "envelop",
				"id": 70,
				"code": 59650
			},
			"setIdx": 4,
			"setId": 0,
			"iconIdx": 69
		},
		{
			"icon": {
				"paths": [
					"M896 0h-896v1024h1024v-896l-128-128zM512 128h128v256h-128v-256zM896 896h-768v-768h64v320h576v-320h74.978l53.022 53.018v714.982z"
				],
				"attrs": [],
				"isMulticolor": false,
				"tags": [
					"floppy-disk",
					"save"
				],
				"grid": 16
			},
			"attrs": [],
			"properties": {
				"order": 9,
				"prevSize": 32,
				"ligatures": "floppy-disk, save2",
				"name": "floppy-disk",
				"id": 99,
				"code": 59651
			},
			"setIdx": 4,
			"setId": 0,
			"iconIdx": 98
		},
		{
			"icon": {
				"paths": [
					"M512 0c-282.77 0-512 71.634-512 160v128c0 88.366 229.23 160 512 160s512-71.634 512-160v-128c0-88.366-229.23-160-512-160z",
					"M512 544c-282.77 0-512-71.634-512-160v192c0 88.366 229.23 160 512 160s512-71.634 512-160v-192c0 88.366-229.23 160-512 160z",
					"M512 832c-282.77 0-512-71.634-512-160v192c0 88.366 229.23 160 512 160s512-71.634 512-160v-192c0 88.366-229.23 160-512 160z"
				],
				"attrs": [],
				"isMulticolor": false,
				"tags": [
					"database",
					"db",
					"server",
					"host",
					"storage",
					"save",
					"datecenter"
				],
				"grid": 16
			},
			"attrs": [],
			"properties": {
				"order": 8,
				"prevSize": 32,
				"ligatures": "database, db",
				"name": "database",
				"id": 101,
				"code": 59652
			},
			"setIdx": 4,
			"setId": 0,
			"iconIdx": 100
		},
		{
			"icon": {
				"paths": [
					"M1088 901.166c0 45.5 26.028 84.908 64 104.184v15.938c-10.626 1.454-21.472 2.224-32.5 2.224-68.008 0-129.348-28.528-172.722-74.264-26.222 6.982-54.002 10.752-82.778 10.752-159.058 0-288-114.616-288-256s128.942-256 288-256c159.058 0 288 114.616 288 256 0 55.348-19.764 106.592-53.356 148.466-6.824 14.824-10.644 31.312-10.644 48.7zM512 0c278.458 0 504.992 180.614 511.836 405.52-49.182-21.92-103.586-33.52-159.836-33.52-95.56 0-185.816 33.446-254.138 94.178-70.846 62.972-109.862 147.434-109.862 237.822 0 44.672 9.544 87.888 27.736 127.788-5.228 0.126-10.468 0.212-15.736 0.212-27.156 0-53.81-1.734-79.824-5.044-109.978 109.978-241.25 129.7-368.176 132.596v-26.916c68.536-33.578 128-94.74 128-164.636 0-9.754-0.758-19.33-2.164-28.696-115.796-76.264-189.836-192.754-189.836-323.304 0-229.75 229.23-416 512-416z"
				],
				"width": 1152,
				"attrs": [],
				"isMulticolor": false,
				"tags": [
					"bubbles",
					"comments",
					"chat",
					"talk"
				],
				"grid": 16
			},
			"attrs": [],
			"properties": {
				"order": 10,
				"prevSize": 32,
				"ligatures": "bubbles, comments",
				"name": "bubbles",
				"id": 109,
				"code": 59653
			},
			"setIdx": 4,
			"setId": 0,
			"iconIdx": 108
		},
		{
			"icon": {
				"paths": [
					"M1088 901.166c0 45.5 26.028 84.908 64 104.184v15.938c-10.626 1.454-21.472 2.224-32.5 2.224-68.008 0-129.348-28.528-172.722-74.264-26.222 6.982-54.002 10.752-82.778 10.752-159.058 0-288-114.616-288-256s128.942-256 288-256c159.058 0 288 114.616 288 256 0 55.348-19.764 106.592-53.356 148.466-6.824 14.824-10.644 31.312-10.644 48.7zM230.678 221.186c-66.214 53.798-102.678 122.984-102.678 194.814 0 40.298 11.188 79.378 33.252 116.15 22.752 37.92 56.982 72.586 98.988 100.252 30.356 19.992 50.78 51.948 56.176 87.894 1.8 11.984 2.928 24.088 3.37 36.124 7.47-6.194 14.75-12.846 21.88-19.976 24.154-24.152 56.78-37.49 90.502-37.49 5.368 0 10.762 0.336 16.156 1.024 20.948 2.662 42.344 4.016 63.594 4.020v128c-27.128-0.002-53.754-1.738-79.742-5.042-109.978 109.978-241.25 129.7-368.176 132.596v-26.916c68.536-33.578 128-94.74 128-164.636 0-9.754-0.758-19.33-2.164-28.696-115.796-76.264-189.836-192.754-189.836-323.304 0-229.75 229.23-416 512-416 278.458 0 504.992 180.614 511.836 405.52-41.096-18.316-85.84-29.422-132.262-32.578-11.53-56.068-45.402-108.816-98.252-151.756-35.322-28.698-76.916-51.39-123.628-67.444-49.706-17.080-102.76-25.742-157.694-25.742-54.932 0-107.988 8.662-157.694 25.742-46.712 16.054-88.306 38.744-123.628 67.444z"
				],
				"width": 1152,
				"attrs": [],
				"isMulticolor": false,
				"tags": [
					"bubbles",
					"comments",
					"chat",
					"talk"
				],
				"grid": 16
			},
			"attrs": [],
			"properties": {
				"order": 35,
				"prevSize": 32,
				"ligatures": "bubbles3, comments3",
				"name": "bubbles3",
				"id": 112,
				"code": 59676
			},
			"setIdx": 4,
			"setId": 0,
			"iconIdx": 111
		},
		{
			"icon": {
				"paths": [
					"M728.992 512c137.754-87.334 231.008-255.208 231.008-448 0-21.676-1.192-43.034-3.478-64h-889.042c-2.29 20.968-3.48 42.326-3.48 64 0 192.792 93.254 360.666 231.006 448-137.752 87.334-231.006 255.208-231.006 448 0 21.676 1.19 43.034 3.478 64h889.042c2.288-20.966 3.478-42.324 3.478-64 0.002-192.792-93.252-360.666-231.006-448zM160 960c0-186.912 80.162-345.414 224-397.708v-100.586c-143.838-52.29-224-210.792-224-397.706v0h704c0 186.914-80.162 345.416-224 397.706v100.586c143.838 52.294 224 210.796 224 397.708h-704zM619.626 669.594c-71.654-40.644-75.608-93.368-75.626-125.366v-64.228c0-31.994 3.804-84.914 75.744-125.664 38.504-22.364 71.808-56.348 97.048-98.336h-409.582c25.266 42.032 58.612 76.042 97.166 98.406 71.654 40.644 75.606 93.366 75.626 125.366v64.228c0 31.992-3.804 84.914-75.744 125.664-72.622 42.18-126.738 125.684-143.090 226.336h501.67c-16.364-100.708-70.53-184.248-143.212-226.406z"
				],
				"attrs": [],
				"isMulticolor": false,
				"tags": [
					"hour-glass",
					"loading",
					"busy",
					"wait"
				],
				"grid": 16
			},
			"attrs": [],
			"properties": {
				"order": 11,
				"prevSize": 32,
				"ligatures": "hour-glass, loading",
				"name": "hour-glass",
				"id": 122,
				"code": 59654
			},
			"setIdx": 4,
			"setId": 0,
			"iconIdx": 121
		},
		{
			"icon": {
				"paths": [
					"M448 128v-16c0-26.4-21.6-48-48-48h-160c-26.4 0-48 21.6-48 48v16h-192v128h192v16c0 26.4 21.6 48 48 48h160c26.4 0 48-21.6 48-48v-16h576v-128h-576zM256 256v-128h128v128h-128zM832 432c0-26.4-21.6-48-48-48h-160c-26.4 0-48 21.6-48 48v16h-576v128h576v16c0 26.4 21.6 48 48 48h160c26.4 0 48-21.6 48-48v-16h192v-128h-192v-16zM640 576v-128h128v128h-128zM448 752c0-26.4-21.6-48-48-48h-160c-26.4 0-48 21.6-48 48v16h-192v128h192v16c0 26.4 21.6 48 48 48h160c26.4 0 48-21.6 48-48v-16h576v-128h-576v-16zM256 896v-128h128v128h-128z"
				],
				"attrs": [],
				"isMulticolor": false,
				"tags": [
					"equalizer",
					"sliders",
					"settings",
					"preferences",
					"dashboard",
					"control"
				],
				"grid": 16
			},
			"attrs": [],
			"properties": {
				"order": 14,
				"prevSize": 32,
				"ligatures": "equalizer, sliders",
				"name": "equalizer",
				"id": 147,
				"code": 59655
			},
			"setIdx": 4,
			"setId": 0,
			"iconIdx": 146
		},
		{
			"icon": {
				"paths": [
					"M896 256h-192v-128c0-35.2-28.8-64-64-64h-256c-35.2 0-64 28.8-64 64v128h-192c-70.4 0-128 57.6-128 128v512c0 70.4 57.6 128 128 128h768c70.4 0 128-57.6 128-128v-512c0-70.4-57.6-128-128-128zM384 128h256v128h-256v-128zM768 704h-192v192h-128v-192h-192v-128h192v-192h128v192h192v128z"
				],
				"attrs": [],
				"isMulticolor": false,
				"tags": [
					"aid-kit",
					"health",
					"medicine",
					"medical"
				],
				"grid": 16
			},
			"attrs": [],
			"properties": {
				"order": 12,
				"prevSize": 32,
				"ligatures": "aid-kit, health",
				"name": "aid-kit",
				"id": 153,
				"code": 59656
			},
			"setIdx": 4,
			"setId": 0,
			"iconIdx": 152
		},
		{
			"icon": {
				"paths": [
					"M960 0l-448 128-448-128c0 0-4.5 51.698 0 128l448 140.090 448-140.090c4.498-76.302 0-128 0-128zM72.19 195.106c23.986 250.696 113.49 672.234 439.81 828.894 326.32-156.66 415.824-578.198 439.81-828.894l-439.81 165.358-439.81-165.358z"
				],
				"attrs": [],
				"isMulticolor": false,
				"tags": [
					"shield",
					"security",
					"defense",
					"protection",
					"anti virus"
				],
				"grid": 16
			},
			"attrs": [],
			"properties": {
				"order": 13,
				"prevSize": 32,
				"ligatures": "shield, security",
				"name": "shield",
				"id": 181,
				"code": 59657
			},
			"setIdx": 4,
			"setId": 0,
			"iconIdx": 180
		},
		{
			"icon": {
				"paths": [
					"M384 64h640v128h-640v-128zM384 448h640v128h-640v-128zM384 832h640v128h-640v-128zM0 128c0-70.692 57.308-128 128-128s128 57.308 128 128c0 70.692-57.308 128-128 128s-128-57.308-128-128zM0 512c0-70.692 57.308-128 128-128s128 57.308 128 128c0 70.692-57.308 128-128 128s-128-57.308-128-128zM0 896c0-70.692 57.308-128 128-128s128 57.308 128 128c0 70.692-57.308 128-128 128s-128-57.308-128-128z"
				],
				"attrs": [],
				"isMulticolor": false,
				"tags": [
					"list",
					"todo",
					"bullet",
					"menu",
					"options"
				],
				"grid": 16
			},
			"attrs": [],
			"properties": {
				"order": 15,
				"prevSize": 32,
				"ligatures": "list2, todo2",
				"name": "list2",
				"id": 188,
				"code": 59658
			},
			"setIdx": 4,
			"setId": 0,
			"iconIdx": 187
		},
		{
			"icon": {
				"paths": [
					"M64 192h896v192h-896zM64 448h896v192h-896zM64 704h896v192h-896z"
				],
				"attrs": [],
				"isMulticolor": false,
				"tags": [
					"menu",
					"list",
					"options",
					"lines",
					"hamburger"
				],
				"grid": 16
			},
			"attrs": [],
			"properties": {
				"order": 16,
				"prevSize": 32,
				"ligatures": "menu, list3",
				"name": "menu",
				"id": 190,
				"code": 59659
			},
			"setIdx": 4,
			"setId": 0,
			"iconIdx": 189
		},
		{
			"icon": {
				"paths": [
					"M0 192h896v192h-896v-192zM0 448h896v192h-896v-192zM0 704h896v192h-896v-192z",
					"M992 576l192 192 192-192z",
					"M1376 512l-192-192-192 192z"
				],
				"width": 1408,
				"attrs": [],
				"isMulticolor": false,
				"tags": [
					"menu",
					"options",
					"hamburger"
				],
				"grid": 16
			},
			"attrs": [],
			"properties": {
				"order": 17,
				"prevSize": 32,
				"ligatures": "menu2, options2",
				"name": "menu2",
				"id": 191,
				"code": 59660
			},
			"setIdx": 4,
			"setId": 0,
			"iconIdx": 190
		},
		{
			"icon": {
				"paths": [
					"M0 192h896v192h-896v-192zM0 448h896v192h-896v-192zM0 704h896v192h-896v-192z",
					"M992 448l192 192 192-192z"
				],
				"width": 1408,
				"attrs": [],
				"isMulticolor": false,
				"tags": [
					"menu",
					"options",
					"hamburger"
				],
				"grid": 16
			},
			"attrs": [],
			"properties": {
				"order": 18,
				"prevSize": 32,
				"ligatures": "menu3, options3",
				"name": "menu3",
				"id": 192,
				"code": 59661
			},
			"setIdx": 4,
			"setId": 0,
			"iconIdx": 191
		},
		{
			"icon": {
				"paths": [
					"M0 192h896v192h-896v-192zM0 448h896v192h-896v-192zM0 704h896v192h-896v-192z",
					"M992 640l192-192 192 192z"
				],
				"width": 1408,
				"attrs": [],
				"isMulticolor": false,
				"tags": [
					"menu",
					"options",
					"hamburger"
				],
				"grid": 16
			},
			"attrs": [],
			"properties": {
				"order": 19,
				"prevSize": 32,
				"ligatures": "menu4, options4",
				"name": "menu4",
				"id": 193,
				"code": 59662
			},
			"setIdx": 4,
			"setId": 0,
			"iconIdx": 192
		},
		{
			"icon": {
				"paths": [
					"M0 512c0 282.77 229.23 512 512 512s512-229.23 512-512-229.23-512-512-512-512 229.23-512 512zM928 512c0 229.75-186.25 416-416 416s-416-186.25-416-416 186.25-416 416-416 416 186.25 416 416z",
					"M706.744 669.256l90.512-90.512-285.256-285.254-285.254 285.256 90.508 90.508 194.746-194.744z"
				],
				"attrs": [],
				"isMulticolor": false,
				"tags": [
					"circle-up",
					"up",
					"circle-top",
					"arrow"
				],
				"grid": 16
			},
			"attrs": [],
			"properties": {
				"order": 20,
				"prevSize": 32,
				"ligatures": "circle-up, up3",
				"name": "circle-up",
				"id": 322,
				"code": 59663
			},
			"setIdx": 4,
			"setId": 0,
			"iconIdx": 321
		},
		{
			"icon": {
				"paths": [
					"M512 0c-282.77 0-512 229.23-512 512s229.23 512 512 512 512-229.23 512-512-229.23-512-512-512zM512 928c-229.75 0-416-186.25-416-416s186.25-416 416-416 416 186.25 416 416-186.25 416-416 416z",
					"M354.744 706.744l90.512 90.512 285.254-285.256-285.256-285.254-90.508 90.508 194.744 194.746z"
				],
				"attrs": [],
				"isMulticolor": false,
				"tags": [
					"circle-right",
					"right",
					"circle-next",
					"arrow"
				],
				"grid": 16
			},
			"attrs": [],
			"properties": {
				"order": 21,
				"prevSize": 32,
				"ligatures": "circle-right, right5",
				"name": "circle-right",
				"id": 323,
				"code": 59664
			},
			"setIdx": 4,
			"setId": 0,
			"iconIdx": 322
		},
		{
			"icon": {
				"paths": [
					"M1024 512c0-282.77-229.23-512-512-512s-512 229.23-512 512 229.23 512 512 512 512-229.23 512-512zM96 512c0-229.75 186.25-416 416-416s416 186.25 416 416-186.25 416-416 416-416-186.25-416-416z",
					"M317.256 354.744l-90.512 90.512 285.256 285.254 285.254-285.256-90.508-90.508-194.746 194.744z"
				],
				"attrs": [],
				"isMulticolor": false,
				"tags": [
					"circle-down",
					"down",
					"circle-bottom",
					"arrow"
				],
				"grid": 16
			},
			"attrs": [],
			"properties": {
				"order": 22,
				"prevSize": 32,
				"ligatures": "circle-down, down3",
				"name": "circle-down",
				"id": 324,
				"code": 59665
			},
			"setIdx": 4,
			"setId": 0,
			"iconIdx": 323
		},
		{
			"icon": {
				"paths": [
					"M512 1024c282.77 0 512-229.23 512-512s-229.23-512-512-512-512 229.23-512 512 229.23 512 512 512zM512 96c229.75 0 416 186.25 416 416s-186.25 416-416 416-416-186.25-416-416 186.25-416 416-416z",
					"M669.256 317.256l-90.512-90.512-285.254 285.256 285.256 285.254 90.508-90.508-194.744-194.746z"
				],
				"attrs": [],
				"isMulticolor": false,
				"tags": [
					"circle-left",
					"left",
					"circle-previous",
					"arrow"
				],
				"grid": 16
			},
			"attrs": [],
			"properties": {
				"order": 23,
				"prevSize": 32,
				"ligatures": "circle-left, left5",
				"name": "circle-left",
				"id": 325,
				"code": 59666
			},
			"setIdx": 4,
			"setId": 0,
			"iconIdx": 324
		},
		{
			"icon": {
				"paths": [
					"M768 512.051c0 15.309-15.616 26.317-15.616 26.317l-438.323 271.514c-31.949 20.941-58.061 5.427-58.061-34.253v-527.206c0-39.782 26.112-55.194 58.112-34.304l438.323 271.616c-0.051 0 15.565 11.008 15.565 26.317z"
				],
				"attrs": [],
				"isMulticolor": false,
				"tags": [
					"controller-play"
				],
				"grid": 20
			},
			"attrs": [],
			"properties": {
				"id": 55,
				"order": 29,
				"prevSize": 20,
				"code": 59670,
				"name": "controller-play"
			},
			"setIdx": 1,
			"setId": 3,
			"iconIdx": 54
		},
		{
			"icon": {
				"paths": [
					"M819.2 255.744v502.17c0 33.843-27.443 61.286-61.235 61.286h-502.118c-28.211 0-51.046-22.835-51.046-51.046v-502.118c0-33.792 27.443-61.235 61.235-61.235h502.17c28.16 0 50.995 22.835 50.995 50.944z"
				],
				"attrs": [],
				"isMulticolor": false,
				"tags": [
					"controller-stop"
				],
				"grid": 20
			},
			"attrs": [],
			"properties": {
				"id": 57,
				"order": 30,
				"prevSize": 20,
				"code": 59671,
				"name": "controller-stop"
			},
			"setIdx": 1,
			"setId": 3,
			"iconIdx": 56
		},
		{
			"icon": {
				"paths": [
					"M512.051 399.36c-62.208 0-112.691 50.432-112.691 112.64s50.483 112.64 112.691 112.64c62.208 0 112.589-50.432 112.589-112.64s-50.381-112.64-112.589-112.64zM512.051 266.24c62.208 0 112.589-50.483 112.589-112.64s-50.381-112.64-112.589-112.64c-62.208 0-112.691 50.432-112.691 112.64s50.483 112.64 112.691 112.64zM512.051 757.76c-62.208 0-112.691 50.432-112.691 112.64s50.483 112.64 112.691 112.64c62.208 0 112.589-50.432 112.589-112.64s-50.381-112.64-112.589-112.64z"
				],
				"attrs": [],
				"isMulticolor": false,
				"tags": [
					"dots-three-vertical"
				],
				"grid": 20
			},
			"attrs": [],
			"properties": {
				"id": 61,
				"order": 32,
				"prevSize": 20,
				"code": 59673,
				"name": "dots-three-vertical"
			},
			"setIdx": 1,
			"setId": 3,
			"iconIdx": 60
		},
		{
			"icon": {
				"paths": [
					"M512 20.48c-271.462 0-491.52 220.058-491.52 491.52s220.058 491.52 491.52 491.52c271.411 0 491.52-220.058 491.52-491.571 0-271.411-220.109-491.469-491.52-491.469zM504.269 798.669h-2.611c-40.038-1.178-68.301-30.72-67.123-70.195 1.126-38.81 30.054-67.021 68.762-67.021l2.355 0.102c41.165 1.178 69.12 30.413 67.942 71.014-1.178 38.912-29.594 66.099-69.325 66.099zM672.768 464.282c-9.421 13.312-30.106 30.003-56.218 50.33l-28.774 19.814c-15.77 12.288-25.293 23.91-28.826 35.226-2.867 8.909-4.198 11.315-4.454 29.491v4.608h-109.824l0.307-9.318c1.382-38.093 2.304-60.621 18.125-79.206 24.832-29.082 79.616-64.41 81.92-65.894 7.885-5.888 14.49-12.595 19.405-19.814 11.52-15.923 16.589-28.416 16.589-40.602 0-17.101-5.018-32.922-15.002-46.899-9.626-13.619-27.904-20.378-54.323-20.378-26.214 0-44.186 8.294-54.886 25.395-11.059 17.459-16.64 35.84-16.64 54.63v4.71h-113.203l0.205-4.915c2.918-69.274 27.699-119.194 73.472-148.326 28.826-18.483 64.717-27.853 106.547-27.853 54.682 0 100.966 13.312 137.318 39.526 36.915 26.573 55.603 66.406 55.603 118.323-0.051 29.030-9.216 56.32-27.341 81.152z"
				],
				"attrs": [],
				"isMulticolor": false,
				"tags": [
					"help-with-circle"
				],
				"grid": 20
			},
			"attrs": [],
			"properties": {
				"id": 183,
				"order": 27,
				"prevSize": 20,
				"code": 59668,
				"name": "help-with-circle",
				"ligatures": ""
			},
			"setIdx": 1,
			"setId": 3,
			"iconIdx": 182
		},
		{
			"icon": {
				"paths": [
					"M512 20.48c-271.514 0-491.571 220.058-491.571 491.52 0 271.514 220.058 491.571 491.571 491.571 271.411 0 491.52-220.058 491.52-491.571 0-271.462-220.109-491.52-491.52-491.52zM557.875 197.939c47.923 0 62.003 27.802 62.003 59.597 0 39.68-31.744 76.39-85.965 76.39-45.363 0-66.97-22.784-65.638-60.518 0-31.795 26.573-75.469 89.6-75.469zM435.098 806.4c-32.768 0-56.678-19.917-33.792-107.213l37.53-154.88c6.502-24.781 7.578-34.714 0-34.714-9.779 0-52.326 17.101-77.414 33.997l-16.333-26.778c79.616-66.509 171.162-105.523 210.33-105.523 32.768 0 38.195 38.707 21.862 98.304l-43.008 162.816c-7.629 28.774-4.352 38.707 3.277 38.707 9.83 0 41.984-11.878 73.626-36.813l18.534 24.883c-77.466 77.414-161.894 107.213-194.611 107.213z"
				],
				"attrs": [],
				"isMulticolor": false,
				"tags": [
					"info-with-circle"
				],
				"grid": 20
			},
			"attrs": [],
			"properties": {
				"id": 192,
				"order": 28,
				"prevSize": 20,
				"code": 59669,
				"name": "info-with-circle"
			},
			"setIdx": 1,
			"setId": 3,
			"iconIdx": 191
		},
		{
			"icon": {
				"paths": [
					"M528 928v0c-220.914 0-400-179.086-400-400s179.086-400 400-400c220.914 0 400 179.086 400 400s-179.086 400-400 400zM544 704v-224h-96v32h64v192h-64v32h160v-32h-64zM528 416c26.51 0 48-21.49 48-48s-21.49-48-48-48c-26.51 0-48 21.49-48 48s21.49 48 48 48v0z"
				],
				"attrs": [],
				"isMulticolor": false,
				"tags": [
					"information"
				],
				"grid": 32
			},
			"attrs": [],
			"properties": {
				"id": 58,
				"order": 26,
				"prevSize": 32,
				"code": 59667,
				"name": "information"
			},
			"setIdx": 3,
			"setId": 1,
			"iconIdx": 57
		},
		{
			"icon": {
				"paths": [
					"M512 704c106.039 0 192-85.961 192-192s-85.961-192-192-192c-106.039 0-192 85.961-192 192s85.961 192 192 192v0z"
				],
				"attrs": [],
				"isMulticolor": false,
				"tags": [
					"full-moon"
				],
				"grid": 32
			},
			"attrs": [],
			"properties": {
				"id": 489,
				"order": 31,
				"prevSize": 32,
				"code": 59672,
				"name": "full-moon"
			},
			"setIdx": 3,
			"setId": 1,
			"iconIdx": 488
		}
	],
	"height": 1024,
	"metadata": {
		"name": "icomoon"
	},
	"preferences": {
		"showGlyphs": true,
		"showQuickUse": false,
		"showQuickUse2": true,
		"showSVGs": true,
		"fontPref": {
			"prefix": "icon-",
			"metadata": {
				"fontFamily": "icomoon"
			},
			"metrics": {
				"emSize": 1024,
				"baseline": 6.25,
				"whitespace": 50
			},
			"embed": false,
			"autoHost": true
		},
		"imagePref": {
			"prefix": "icon-",
			"png": true,
			"useClassSelector": true,
			"color": 0,
			"bgColor": 16777215,
			"classSelector": ".icon"
		},
		"historySize": 100,
		"showCodes": false,
		"gridSize": 16,
		"quickUsageToken": {
			"UntitledProject": "MGFlMWZlMmRmOTAyNjQzM2JlM2IwYTk3ZmQ0OTFjY2YjMSMxNDYwMjY0OTcwIyMj"
		},
		"showLiga": true
	}
}